X,year,month,day,hour,season,PM2.5,PM10,SO2,CO,NO2,O3,TEMP,DEWP,HUMI,PRES,RAIN,IRAIN,winddir,wd,cbwd,WSPM,Iws,datetime
113701,2023,2,18,12,4,189.905706521739,233.573863636364,4.36633555288724,1.63737583233271,87.3267110577448,10.9158388822181,3.9,-3.2,60,1012,0,0,NA,NE,NE,1.3,2.5,2023-02-18T12:00:00Z
113702,2023,2,18,13,4,193.5794694436,238.408399209486,5.45791944110905,1.7465342211549,88.4182949459666,16.3737583233271,4.8,-2.1,61,1012,0,0,NA,NE,NE,0.9,3.4,2023-02-18T13:00:00Z
113703,2023,2,18,14,4,197.35072545279,241.093412022223,4.36633555288724,1.7465342211549,94.9677982752975,14.1905905468835,4.4,-2,63,1012.1,NA,NA,9,N,NW,2.4,2.4,2023-02-18T14:00:00Z
113704,2023,2,18,15,4,202.257229098641,247.993788442554,2.18316777644362,1.63737583233271,85.1435432813012,10.9158388822181,4.4,-2.7,60,1013,0,0,NA,NE,NE,1.7,1.7,2023-02-18T15:00:00Z
113705,2023,2,18,16,4,151.290075176551,188.090363733009,4.36633555288724,1.30990066586617,64.4034494050868,29.4727649819889,6,-3.1,52,1013,0,0,NA,NW,NW,1.2,1.2,2023-02-18T16:00:00Z
113706,2023,2,18,17,4,14.2788035366584,23.458034381653,NA,0.545791944110905,19.6485099879926,70.9529527344176,6,-9.5,32,1015.3,0,0,261,W,NW,4.1,5.3,2023-02-18T17:00:00Z
113707,2023,2,18,18,4,5.05637811058165,11.1240318432796,3.27475166466543,0.436633555288724,12.0074227704399,79.6856238401921,4.1,-12,30,1017,0,0,NA,NW,NW,2.3,7.6,2023-02-18T18:00:00Z
113708,2023,2,18,19,4,4.02550766211218,11.0701460708085,3.27475166466543,0.436633555288724,12.0074227704399,78.5940399519703,3.3,-17.6,20,1019,0,0,NA,NW,NW,4,11.6,2023-02-18T19:00:00Z
113709,2023,2,18,20,4,4.00873800315141,8.01747600630282,3.27475166466543,0.436633555288724,10.9158388822181,78.5940399519703,2.5,-18.3,20,1020.3,0,0,275,W,NW,4.8,16.4,2023-02-18T20:00:00Z
113710,2023,2,18,21,4,4.00409502262443,10.0102375565611,3.27475166466543,0.327475166466543,8.73267110577448,80.7772077284139,2.1,-17.5,22,1020,0,0,NA,NW,NW,7.4,23.8,2023-02-18T21:00:00Z
113711,2023,2,18,22,4,4.0001732841106,9.00038988924885,NA,0.327475166466543,7.64108721755267,79.6856238401921,2.1,-16.4,24,1021,0,0,NA,NW,NW,4.1,27.9,2023-02-18T22:00:00Z
113712,2023,2,18,23,4,4.00347355651499,11.0095522804162,3.27475166466543,0.327475166466543,8.73267110577448,78.5940399519703,2.3,-16.2,24,1020.9,0,0,285,WNW,NW,4.9,32.8,2023-02-18T23:00:00Z
113713,2023,2,19,0,4,3.99435696526784,15.9774278610713,3.27475166466543,0.436633555288724,8.73267110577448,78.5940399519703,1.7,-15.8,26,1021,0,0,NA,NE,NE,2.6,2.6,2023-02-19T00:00:00Z
113714,2023,2,19,1,4,4.97658780983952,19.9063512393581,3.27475166466543,0.327475166466543,8.73267110577448,77.5024560637485,0.8,-15.7,28,1021,0,0,NA,S,SE,1.9,1.9,2023-02-19T01:00:00Z
113715,2023,2,19,2,4,6.95077201892935,34.7538600946467,3.27475166466543,0.436633555288724,17.465342211549,65.4950332933086,0.1,-14.7,32,1020.8,0,0,256,WSW,SW,1.1,1.1,2023-02-19T02:00:00Z
113716,2023,2,19,3,4,7.94996983408748,40.7435953996983,3.27475166466543,0.436633555288724,15.2821744351053,61.1286977404214,0.1,-15.1,31,1020,0,0,NA,NW,NW,1.7,1.7,2023-02-19T03:00:00Z
113717,2023,2,19,4,4,7.92377073906486,43.5807390648567,3.27475166466543,0.436633555288724,20.7400938762144,46.9381071935378,-0.8,-13.7,37,1020,0,0,NA,SE,SE,1.1,1.1,2023-02-19T04:00:00Z
113718,2023,2,19,5,4,7.87582783954622,45.2860100773907,3.27475166466543,0.436633555288724,34.9306844230979,30.5643488702107,-2.5,-14,41,1019.8,0,0,301,WNW,NW,0.9,0.9,2023-02-19T05:00:00Z
113719,2023,2,19,6,4,7.89174962292609,45.377560331825,3.27475166466543,0.545791944110905,39.2970199759852,22.923261652658,-1.9,-14.4,38,1020,0,0,NA,NW,NW,0.8,1.7,2023-02-19T06:00:00Z
113720,2023,2,19,7,4,6.89509238310709,38.4155147058824,3.27475166466543,0.545791944110905,57.8539460757559,5.45791944110905,-2.3,-14.4,39,1020,0,0,NA,SE,CV,0.2,0.2,2023-02-19T07:00:00Z
113721,2023,2,19,8,4,7.90029551005639,41.476551427796,3.27475166466543,0.654950332933086,62.2202816286432,2.18316777644362,-1.5,-14.7,36,1020.4,0,0,266,W,NW,1.7,1.7,2023-02-19T08:00:00Z
113722,2023,2,19,9,4,8.95026583710407,48.7292251131222,3.27475166466543,0.654950332933086,45.846523305316,25.1064294291016,0.3,-14.9,31,1020,0,0,NA,SW,SW,1.9,1.9,2023-02-19T09:00:00Z
113723,2023,2,19,10,4,8.06932126696833,45.3899321266968,NA,0.545791944110905,36.0222683113197,40.388603864207,4.2,-15.1,23,1020,0,0,NA,SE,SE,1,1,2023-02-19T10:00:00Z
113724,2023,2,19,11,4,9.14976341229652,42.6988959240504,NA,0.545791944110905,32.7475166466543,46.9381071935378,6.2,-15.2,20,1019.3,0,0,205,SSW,SW,2.5,2.5,2023-02-19T11:00:00Z
113725,2023,2,19,12,4,6.14044506573976,30.7022253286988,3.27475166466543,0.436633555288724,16.3737583233271,67.6782010697522,7.7,-15.9,17,1018,0,0,NA,SE,SE,2.6,2.6,2023-02-19T12:00:00Z
113726,2023,2,19,13,4,6.17713864306785,27.7971238938053,3.27475166466543,0.436633555288724,12.0074227704399,75.3192882873049,9.1,-15.5,16,1017,0,0,NA,SE,SE,1.9,4.5,2023-02-19T13:00:00Z
113727,2023,2,19,14,4,5.17744634770624,30.029188816696202,3.27475166466543,0.436633555288724,10.9158388822181,78.5940399519703,10.4,-15.2,15,1015.8,0,0,162,SSE,SE,1.5,6,2023-02-19T14:00:00Z
113728,2023,2,19,15,4,6.23757862826828,31.1878931413414,3.27475166466543,0.436633555288724,10.9158388822181,79.6856238401921,11.3,-15.3,14,1015,0,0,NA,NE,NE,0.9,0.9,2023-02-19T15:00:00Z
113729,2023,2,19,16,4,6.24854869268662,32.2841682455476,3.27475166466543,0.436633555288724,9.82425499399629,80.7772077284139,11.8,-14.9,14,1015,0,0,NA,NW,NW,2.8,2.8,2023-02-19T16:00:00Z
113730,2023,2,19,17,4,5.18832930442624,29.054644104787,3.27475166466543,0.436633555288724,10.9158388822181,79.6856238401921,10.8,-14.1,16,1015.1,0,0,276,W,NW,5,7.8,2023-02-19T17:00:00Z
113731,2023,2,19,18,4,5.16912098728044,29.9809017262265,3.27475166466543,0.436633555288724,10.9158388822181,79.6856238401921,10,-14,17,1016,0,0,NA,NW,NW,3.5,11.3,2023-02-19T18:00:00Z
113732,2023,2,19,19,4,6.17056954844566,31.8812760003026,3.27475166466543,0.436633555288724,13.0990066586617,76.4108721755267,8.8,-13,20,1017,0,0,NA,NW,NW,0.7,12,2023-02-19T19:00:00Z
113733,2023,2,19,20,4,5.11785503830289,35.8249852681202,3.27475166466543,0.436633555288724,9.82425499399629,79.6856238401921,7.8,-12.1,23,1018.2,0,0,298,WNW,NW,3,15,2023-02-19T20:00:00Z
113734,2023,2,19,21,4,4.07941420699026,30.595606552427,3.27475166466543,0.436633555288724,9.82425499399629,77.5024560637485,7,-12.2,24,1019,0,0,NA,NE,NE,0.7,0.7,2023-02-19T21:00:00Z
113735,2023,2,19,22,4,4.0739592760181,26.4807352941176,3.27475166466543,0.327475166466543,8.73267110577448,76.4108721755267,6.9,-12.3,24,1020,0,0,NA,NE,NE,1.2,1.9,2023-02-19T22:00:00Z
113736,2023,2,19,23,4,4.05093524528985,25.3183452830615,3.27475166466543,0.436633555288724,9.82425499399629,72.0445366226395,5.4,-11.7,28,1020.3,0,0,340,NNW,CV,0.3,0.3,2023-02-19T23:00:00Z
113737,2023,2,20,0,4,5.00566940405334,28.0317486626987,3.27475166466543,0.436633555288724,29.4727649819889,46.9381071935378,2.4,-10.8,37,1021,0,0,NA,NE,NE,1.1,1.1,2023-02-20T00:00:00Z
113738,2023,2,20,1,4,5.02437716393196,32.1560138491645,3.27475166466543,0.436633555288724,16.3737583233271,61.1286977404214,3.7,-12.3,30,1022,0,0,NA,NE,NE,1.9,3,2023-02-20T01:00:00Z
113739,2023,2,20,2,4,4.00022577950374,32.0018062360299,NA,0.436633555288724,18.5569260997708,56.7623621875341,2.4,-12.7,32,1022.1,0,0,44,NE,NE,1.2,4.2,2023-02-20T02:00:00Z
113740,2023,2,20,3,4,3.99525528235206,30.9632284382284,NA,0.436633555288724,31.6559327584325,43.6633555288724,2.3,-12.7,32,1023,0,0,NA,NE,NE,1.9,6.1,2023-02-20T03:00:00Z
113741,2023,2,20,4,4,3.98654786074141,23.9192871644485,NA,0.436633555288724,26.1980133173234,54.5791944110905,1.7,-15.3,27,1023,0,0,NA,NE,NE,2.6,8.7,2023-02-20T04:00:00Z
113742,2023,2,20,5,4,2.9785830196759,18.864359124614,NA,0.327475166466543,14.1905905468835,62.2202816286432,0.9,-16.5,26,1023.9,0,0,51,NE,NE,2.2,10.9,2023-02-20T05:00:00Z
113743,2023,2,20,6,4,2.96886866791745,16.8235891181989,NA,0.436633555288724,15.2821744351053,63.311865516865,0.3,-16.6,27,1025,0,0,NA,NE,NE,2.6,13.5,2023-02-20T06:00:00Z
113744,2023,2,20,7,4,2.9507816014395,15.737501874344,NA,0.436633555288724,17.465342211549,60.0371138521995,-1.1,-15.7,32,1026,0,0,NA,NE,NE,0.5,14,2023-02-20T07:00:00Z
113745,2023,2,20,8,4,3.91486590669231,18.5956130567885,NA,0.545791944110905,20.7400938762144,57.8539460757559,-2,-13.5,41,1027.7,0,0,215,SW,SW,0.8,0.8,2023-02-20T08:00:00Z
113746,2023,2,20,9,4,3.96763100844734,18.8462472901248,NA,0.436633555288724,16.3737583233271,62.2202816286432,2,-15.5,26,1029,0,0,NA,NE,NE,1.7,1.7,2023-02-20T09:00:00Z
113747,2023,2,20,10,4,3.9806159826568,20.8982339089482,NA,0.436633555288724,14.1905905468835,65.4950332933086,2.9,-16.2,23,1029,0,0,NA,NE,NE,2.5,4.2,2023-02-20T10:00:00Z
113748,2023,2,20,11,4,5.00150459415208,23.0069211330996,NA,0.436633555288724,13.0990066586617,67.6782010697522,4.3,-15.6,22,1028.9,0,0,36,NE,NE,2.2,6.4,2023-02-20T11:00:00Z
113749,2023,2,20,12,4,5.01364281976527,25.0682140988263,NA,0.436633555288724,10.9158388822181,69.8613688461958,5,-15,22,1029,0,0,NA,NE,NE,2.8,9.2,2023-02-20T12:00:00Z
113750,2023,2,20,13,4,6.0395540257408,26.1714007782101,2.18316777644362,0.436633555288724,12.0074227704399,70.9529527344176,5.8,-14.9,21,1028,0,0,NA,NE,NE,1.1,10.3,2023-02-20T13:00:00Z
113751,2023,2,20,14,4,6.05825384465641,25.2427243527351,2.18316777644362,0.436633555288724,9.82425499399629,75.3192882873049,6.5,-15.5,19,1027.4,0,0,110,ESE,SE,1.1,1.1,2023-02-20T14:00:00Z
113752,2023,2,20,15,4,6.08229720620178,24.3291888248071,2.18316777644362,0.436633555288724,9.82425499399629,77.5024560637485,7.5,-15.4,18,1027,0,0,NA,SE,SE,1.2,2.3,2023-02-20T15:00:00Z
113753,2023,2,20,16,4,6.08446558310239,24.3378623324096,2.18316777644362,0.436633555288724,10.9158388822181,77.5024560637485,7.6,-16,17,1027,0,0,NA,SE,SE,0.8,3.1,2023-02-20T16:00:00Z
113754,2023,2,20,17,4,7.08451466271268,25.3018380811167,2.18316777644362,0.436633555288724,15.2821744351053,75.3192882873049,7.1,-16.4,17,1027.2,0,0,136,SE,SE,0.6,3.7,2023-02-20T17:00:00Z
113755,2023,2,20,18,4,7.02592786590841,25.0925995211015,NA,0.436633555288724,21.8316777644362,68.769784957974,5,-14.5,23,1028,0,0,NA,SE,SE,0.8,4.5,2023-02-20T18:00:00Z
113756,2023,2,20,19,4,7.98143081408388,24.9419712940121,NA,0.436633555288724,24.0148455408798,64.4034494050868,3.6,-14.6,25,1029,0,0,NA,NE,CV,0.3,0.3,2023-02-20T19:00:00Z
113757,2023,2,20,20,4,7.97811374874882,21.9398128090593,NA,0.436633555288724,26.1980133173234,58.9455299639777,3.7,-16.7,21,1029.8,0,0,80,E,SE,1.7,1.7,2023-02-20T20:00:00Z
113758,2023,2,20,21,4,7.94578825636052,20.8576941729464,NA,0.436633555288724,26.1980133173234,57.8539460757559,2.9,-16.8,22,1031,0,0,NA,NE,NE,1.8,1.8,2023-02-20T21:00:00Z
113759,2023,2,20,22,4,7.94096601073345,19.8524150268336,NA,0.436633555288724,27.2895972055452,55.6707782993123,3,-19.7,17,1032,0,0,NA,NE,NE,2.3,4.1,2023-02-20T22:00:00Z
113760,2023,2,20,23,4,5.93630366726297,14.8407591681574,NA,0.436633555288724,22.923261652658,60.0371138521995,2.1,-19.8,18,1032,0,0,NA,NE,NE,1.6,5.7,2023-02-20T23:00:00Z
113761,2023,2,21,0,4,5.91331074540174,13.7977250726041,NA,0.436633555288724,24.0148455408798,57.8539460757559,1.3,-19.3,20,1033,0,0,NA,NE,NE,1,6.7,2023-02-21T00:00:00Z
113762,2023,2,21,1,4,4.913387072753,12.7748063891578,NA,0.436633555288724,20.7400938762144,60.0371138521995,0.5,-18.8,22,1033,0,0,NA,NE,NE,1.5,8.2,2023-02-21T01:00:00Z
113763,2023,2,21,2,4,4.90260816144166,11.76625958746,NA,0.327475166466543,19.6485099879926,60.0371138521995,-0.1,-19.3,22,1033,0,0,NA,NE,NE,1.7,9.9,2023-02-21T02:00:00Z
113764,2023,2,21,3,4,4.89542222056743,10.7699288852483,2.18316777644362,0.436633555288724,22.923261652658,55.6707782993123,-0.5,-18.6,24,1033,0,0,NA,NE,NE,1.7,11.6,2023-02-21T03:00:00Z
113765,2023,2,21,4,4,4.88105033881897,10.7383107454017,2.18316777644362,0.436633555288724,20.7400938762144,55.6707782993123,-1.3,-17.9,27,1033,0,0,NA,NE,NE,0.7,12.3,2023-02-21T04:00:00Z
113766,2023,2,21,5,4,4.86847494228908,10.710644873036,2.18316777644362,0.436633555288724,17.465342211549,57.8539460757559,-2,-17.7,29,1033,0,0,NA,NE,NE,1,13.3,2023-02-21T05:00:00Z
113767,2023,2,21,6,4,5.84432571300916,10.7145971405168,2.18316777644362,0.436633555288724,20.7400938762144,52.3960266346469,-1.9,-18,28,1033,0,0,NA,NE,NE,1.4,14.7,2023-02-21T06:00:00Z
113768,2023,2,21,7,4,6.77562365030903,13.5512473006181,2.18316777644362,0.545791944110905,29.4727649819889,42.5717716406506,-3.6,-16.2,37,1033,0,0,NA,NE,CV,0.1,0.1,2023-02-21T07:00:00Z
113769,2023,2,21,8,4,11.6428879631007,22.3155352626097,2.18316777644362,0.764108721755267,42.5717716406506,32.7475166466543,-2.7,-16.4,34,1034,0,0,NA,NE,NE,1.1,1.1,2023-02-21T08:00:00Z
113770,2023,2,21,9,4,16.6344405594406,33.2688811188811,4.36633555288724,0.764108721755267,52.3960266346469,27.2895972055452,-0.4,-16.3,29,1034,0,0,NA,NE,NE,1.7,2.8,2023-02-21T09:00:00Z
113771,2023,2,21,10,4,19.6847939294748,36.4168687695283,6.54950332933086,0.764108721755267,44.7549394170942,37.1138521995415,1.2,-13.7,32,1034,0,0,NA,NE,NE,1.3,4.1,2023-02-21T10:00:00Z
113772,2023,2,21,11,4,26.7069085561099,50.4463828282076,7.64108721755267,0.764108721755267,45.846523305316,40.388603864207,2.3,-12.4,33,1033,0,0,NA,NE,NE,1,5.1,2023-02-21T11:00:00Z
113773,2023,2,21,12,4,34.6787883870006,63.4126416219439,7.64108721755267,0.764108721755267,44.7549394170942,44.7549394170942,2.5,-12.2,33,1032,0,0,NA,SE,SE,0.6,0.6,2023-02-21T12:00:00Z
